"","name_key","V2","V3","V4","V5","V6","V7"
"1",1,332,198,705,1154,670,4
"2",2,770,1907,1285,1128,961,566
"3",3,350,85,1314,1012,1802,252
"4",4,283,1545,884,438,1506,1762
"5",5,1669,684,791,173,540,957
"6",6,185,1038,145,1299,1146,732
"7",7,1325,1953,1610,51,1617,916
"8",8,1438,8,1957,1531,126,1472
"9",9,154,1337,13,784,189,1666
"10",10,487,632,680,506,1208,412
"11",11,1241,507,778,1177,38,211
"12",12,59,1114,1883,927,1681,881
"13",13,948,156,1252,1147,1639,1070
"14",14,1758,1843,1746,65,964,1781
"15",15,1803,374,444,818,330,830
"16",16,1193,664,1867,651,1303,955
"17",17,513,697,1104,1401,1410,1983
"18",18,116,193,1375,790,804,1863
"19",19,1623,1053,632,481,783,1475
"20",20,1157,586,1931,1253,998,1764
"21",21,895,544,917,785,1981,1502
"22",22,1216,1784,1289,831,1487,1254
"23",23,878,410,1982,1759,1732,542
"24",24,92,1796,1144,1575,1282,383
"25",25,263,794,1504,678,746,599
"26",26,1771,1111,1876,852,91,67
"27",27,142,574,1457,1780,998,916
"28",28,1485,668,1793,659,1367,1496
"29",29,326,1744,1415,842,1615,1478
"30",30,1403,1036,535,1411,1630,1024
"31",31,409,1632,676,1522,1888,1993
"32",32,549,129,1075,505,980,1248
"33",33,292,295,1730,1215,785,227
"34",34,1233,1425,49,10,1396,1702
"35",35,1455,1001,32,948,124,533
"36",36,864,1603,1417,1887,335,228
"37",37,694,945,952,241,1111,1406
"38",38,1907,1258,823,1059,1026,1987
"39",39,165,520,360,1058,620,273
"40",40,373,507,563,1858,2000,816
"41",41,590,828,1114,1443,709,191
"42",42,1046,793,234,815,1770,759
"43",43,1272,999,1380,373,752,1968
"44",44,1235,1868,686,1054,794,23
"45",45,1132,51,116,1855,355,892
"46",46,200,1112,1315,358,1168,1051
"47",47,192,381,1782,775,1248,1999
"48",48,1106,907,186,1567,1071,1292
"49",49,387,1453,1353,324,6,787
"50",50,1180,905,336,1252,1946,909
"51",51,852,1184,1673,1914,140,471
"52",52,375,821,1347,1632,1185,687
"53",53,228,1169,803,495,901,1282
"54",54,46,239,135,346,1248,324
"55",55,924,704,871,1787,788,1493
"56",56,1463,1786,159,1062,981,1315
"57",57,1271,568,198,1507,1357,1763
"58",58,492,785,246,1082,329,970
"59",59,360,1062,1964,1285,111,1129
"60",60,507,1088,1717,545,248,1848
"61",61,529,581,1519,1335,904,243
"62",62,502,934,1240,645,1727,1794
"63",63,1763,1807,1678,1912,1759,1451
"64",64,527,1317,602,324,657,865
"65",65,1546,802,536,335,906,856
"66",66,1664,370,305,1623,854,948
"67",67,969,1647,1152,1393,868,1386
"68",68,374,292,1767,896,110,655
"69",69,772,747,1145,879,1238,1859
"70",70,1526,1672,1161,948,1344,1388
"71",71,530,1964,417,373,248,737
"72",72,1607,15,1528,598,1364,331
"73",73,1091,1480,1427,1143,285,1903
"74",74,656,1925,1742,1147,1098,666
"75",75,505,1413,1994,197,199,680
"76",76,203,1795,1371,1615,1145,187
"77",77,1086,626,840,1230,13,677
"78",78,1440,1629,1594,444,330,1391
"79",79,89,515,1346,1267,991,853
"80",80,1815,1366,1273,202,1531,984
"81",81,476,1458,178,1978,1854,1665
"82",82,811,1200,1018,295,584,1993
"83",83,575,766,1158,1332,175,716
"84",84,1385,1535,514,69,1736,91
"85",85,754,117,1404,1818,608,1438
"86",86,449,968,726,378,963,1519
"87",87,971,529,1136,193,207,429
"88",88,1308,636,1258,1324,629,1117
"89",89,1454,854,842,835,1254,1911
"90",90,1452,934,192,615,437,768
"91",91,1398,497,1689,1854,1485,896
"92",92,1806,1027,405,1450,1628,1665
"93",93,1937,1709,1660,1425,1977,913
"94",94,103,1918,323,830,1758,1375
"95",95,117,1396,1949,740,1674,1211
"96",96,1658,1270,1519,1421,847,900
"97",97,1097,220,723,10,285,401
"98",98,193,433,1289,1508,1051,767
"99",99,1753,168,1027,746,531,247
"100",100,467,1753,1695,1573,423,1600
"101",101,1248,1707,1991,639,1884,1897
"102",102,501,663,1385,435,1918,618
"103",103,1191,228,891,322,1102,837
"104",104,1333,791,87,1161,1056,1065
"105",105,656,1771,1043,1636,888,1315
"106",106,1830,1517,1686,498,1986,943
"107",107,549,1499,478,1322,263,1641
"108",108,946,1349,1246,1004,202,1756
"109",109,726,1290,39,898,313,1641
"110",110,870,213,879,1122,1286,333
"111",111,847,943,1918,540,1015,957
"112",112,561,1502,1515,522,998,768
"113",113,311,1477,1239,1366,10,1305
"114",114,523,1099,1450,354,1673,1551
"115",115,1999,1668,722,1740,1008,1329
"116",116,1452,823,1106,1378,1380,825
"117",117,348,1198,24,1622,1359,1831
"118",118,1862,219,1382,1522,1018,648
"119",119,549,1124,1520,388,1398,444
"120",120,53,1125,767,1236,885,1876
"121",121,598,30,368,862,169,574
"122",122,1786,1129,1243,40,1265,986
"123",123,801,1818,1133,905,284,531
"124",124,1890,1505,763,533,1272,1347
"125",125,252,1458,876,293,1166,122
"126",126,1126,1282,1731,192,778,576
"127",127,1356,1429,108,1661,1372,754
"128",128,354,832,830,1200,1593,927
"129",129,545,1493,1220,1689,818,710
"130",130,1888,958,290,460,1440,1113
"131",131,92,205,426,1126,233,1547
"132",132,1640,1169,1213,270,1262,706
"133",133,1998,1177,1835,1203,1354,725
"134",134,907,1034,1900,371,876,164
"135",135,1716,1061,252,949,1617,750
"136",136,126,1875,976,151,617,156
"137",137,1591,893,1081,464,1670,1652
"138",138,1972,789,940,889,1801,1219
"139",139,1765,1673,1794,1625,913,667
"140",140,1205,661,371,1795,1351,1531
"141",141,378,753,662,610,1289,1740
"142",142,1726,1673,485,937,795,1666
"143",143,1031,438,25,1230,1831,448
"144",144,1722,1484,377,281,1313,1543
"145",145,920,868,43,1726,1868,912
"146",146,1635,1576,821,1811,1593,1121
"147",147,1343,1657,1665,375,680,175
"148",148,3,1856,680,344,338,1707
"149",149,156,769,1591,940,1108,936
"150",150,1303,1770,1517,188,102,1855
"151",151,1320,880,452,518,1077,138
"152",152,50,1926,216,217,1175,1956
"153",153,686,545,173,1853,862,1486
"154",154,724,1146,1186,1847,45,369
"155",155,464,585,350,1366,968,567
"156",156,657,1832,1694,578,21,973
"157",157,927,219,648,685,29,761
"158",158,154,1649,1429,636,1879,1462
"159",159,1256,1051,674,1388,1269,1922
"160",160,912,1604,1075,1035,1196,1407
"161",161,1637,1863,401,175,1405,1044
"162",162,343,123,1644,999,350,527
"163",163,1703,1284,77,926,1045,1319
"164",164,1553,79,1499,1207,128,191
"165",165,66,1038,1575,1653,454,1459
"166",166,1813,1183,613,1495,1456,1455
"167",167,586,937,1104,116,1924,1575
"168",168,135,371,1560,1268,1601,1760
"169",169,332,28,1478,1241,1526,1703
"170",170,1085,707,785,324,1005,565
"171",171,473,315,865,809,884,621
"172",172,392,1540,485,862,599,979
"173",173,1886,564,588,1310,919,1975
"174",174,1603,550,1878,284,658,298
"175",175,233,585,973,421,1951,746
"176",176,1995,1405,887,1211,1818,649
"177",177,1076,1133,1891,1262,1815,1198
"178",178,543,437,1205,558,517,1719
"179",179,1960,1402,948,636,25,1381
"180",180,647,164,1687,316,429,276
"181",181,1805,1742,718,129,40,1595
"182",182,345,517,1706,836,1987,350
"183",183,865,568,1629,273,934,552
"184",184,1242,212,475,1916,1989,1105
"185",185,1932,1565,1318,902,476,1311
"186",186,1811,1493,335,1979,1061,1325
"187",187,400,1249,545,157,853,465
"188",188,340,844,1813,1028,1166,974
"189",189,1130,866,1464,1777,638,946
"190",190,1684,1175,974,1688,1519,279
"191",191,51,969,1308,1762,241,55
"192",192,1625,1030,862,532,468,1062
"193",193,925,999,783,987,1714,323
"194",194,1825,619,1657,899,1910,1727
"195",195,939,1565,440,801,121,1147
"196",196,922,1486,242,1950,8,613
"197",197,123,453,1879,816,861,868
"198",198,1757,1504,1608,441,1633,1019
"199",199,784,508,92,1410,770,923
"200",200,358,115,1407,971,1260,1492
"201",201,845,941,1039,995,1027,1994
"202",202,193,283,658,1936,1486,967
"203",203,654,155,1142,927,970,964
"204",204,1142,201,1952,500,445,1558
"205",205,1150,1703,1169,274,507,923
"206",206,618,491,1180,899,676,605
"207",207,1172,1236,1676,1722,251,1270
"208",208,938,722,1354,222,834,124
"209",209,1217,1095,60,1577,1174,898
"210",210,1618,1075,977,925,69,153
"211",211,778,1366,1564,1933,1331,532
"212",212,1500,1506,943,356,1225,246
"213",213,117,1282,1721,926,1771,244
"214",214,1489,1622,1236,361,1453,292
"215",215,550,1264,1380,1543,61,542
"216",216,651,944,1354,1281,1003,1503
"217",217,1684,859,1360,1514,585,994
"218",218,899,19,257,343,1362,242
"219",219,982,81,347,571,639,1976
"220",220,299,757,96,1341,1436,1231
"221",221,737,1099,470,164,1697,708
"222",222,161,283,692,1393,614,702
"223",223,37,780,1814,1059,1487,930
"224",224,1064,1742,1641,929,132,1045
"225",225,1057,624,178,687,1443,953
"226",226,160,1008,95,1023,1668,1472
"227",227,1195,705,1008,1942,694,1372
"228",228,724,890,663,1521,653,1776
"229",229,483,409,1338,1978,944,1899
"230",230,1933,1742,947,1799,449,1937
"231",231,1707,1558,1298,1207,970,978
"232",232,130,1413,718,16,591,1929
"233",233,731,745,1147,469,1929,1015
"234",234,1074,1348,1193,478,992,1743
"235",235,1448,23,1173,1569,1451,483
"236",236,476,178,318,713,1390,1949
"237",237,1183,1141,1925,1497,1092,1689
"238",238,1533,221,903,916,622,77
"239",239,19,257,1141,1473,1741,821
"240",240,1800,1916,1167,1883,566,1164
"241",241,1739,1612,1366,946,328,1715
"242",242,1833,1140,24,1983,561,53
"243",243,1952,70,318,468,1438,1209
"244",244,964,723,388,1693,268,284
"245",245,1654,908,434,228,1356,463
"246",246,1162,91,301,1749,1414,521
"247",247,1838,1012,1583,649,579,1483
"248",248,369,1859,1782,225,393,1542
"249",249,560,771,91,871,967,984
"250",250,1417,46,83,80,589,1307
"251",251,1342,1981,1793,1705,1609,845
"252",252,226,1575,1442,223,265,167
"253",253,252,664,929,1328,182,1529
"254",254,5,1721,776,347,1344,1276
"255",255,995,12,743,319,40,641
"256",256,16,1533,907,411,1933,95
"257",257,1120,1834,1950,1947,1111,467
"258",258,1923,51,1375,1043,823,1557
"259",259,1829,257,1322,23,1557,1408
"260",260,1137,1832,919,1976,458,483
"261",261,202,911,1507,312,398,1774
"262",262,62,1277,1615,922,849,13
"263",263,217,1127,416,37,1257,1959
"264",264,1689,1267,517,76,1089,243
"265",265,601,172,1720,1963,480,877
"266",266,1485,265,1014,1643,1776,161
"267",267,968,1022,1913,1099,1733,1684
"268",268,1945,1103,928,243,1470,727
"269",269,1574,566,1648,1182,47,760
"270",270,429,111,634,1243,278,998
"271",271,260,887,1837,796,1111,1112
"272",272,757,446,684,841,1066,893
"273",273,579,1298,582,1951,1562,86
"274",274,868,1120,70,705,1310,285
"275",275,1063,1887,1038,127,1729,388
"276",276,918,1859,1277,1881,1617,1294
"277",277,1606,939,344,1874,898,769
"278",278,814,683,691,172,649,1348
"279",279,963,1839,466,1645,983,554
"280",280,1777,370,184,1470,819,212
"281",281,1563,355,1051,1693,1682,1990
"282",282,910,562,1381,832,590,1993
"283",283,309,1520,1123,1951,391,1645
"284",284,1702,1600,900,413,1409,1071
"285",285,730,1535,1589,699,585,587
"286",286,1557,427,1752,1539,104,1641
"287",287,594,653,1299,1662,1980,1468
"288",288,1965,130,1669,1351,1429,230
"289",289,1533,327,1505,710,1199,272
"290",290,70,1190,519,739,1380,602
"291",291,1871,957,1704,1174,788,1235
"292",292,346,1415,1801,166,617,1857
"293",293,966,1355,562,1485,10,778
"294",294,260,460,83,148,350,1532
"295",295,1856,1745,448,705,490,1432
"296",296,536,1238,1353,204,510,1632
"297",297,14,985,259,87,1663,1191
"298",298,995,27,9,703,1499,1719
"299",299,298,1221,203,123,1343,1275
"300",300,389,1344,1255,1749,1754,748
"301",301,1102,750,806,438,469,32
"302",302,1943,306,805,1345,389,1982
"303",303,1920,976,105,594,324,1686
"304",304,1137,1517,722,1216,1328,1327
"305",305,383,837,1767,1906,1284,1188
"306",306,1536,1767,876,1149,1080,1548
"307",307,1682,589,1236,1494,1203,63
"308",308,1208,725,39,1668,679,575
"309",309,121,7,806,1118,1388,126
"310",310,289,98,184,1742,1307,782
"311",311,1293,1244,1874,1103,1525,1411
"312",312,922,1214,29,5,1880,924
"313",313,1948,1175,662,905,1123,377
"314",314,1104,666,1998,586,258,315
"315",315,1747,1400,1619,598,1729,310
"316",316,1807,840,579,1859,825,814
"317",317,1614,1866,1669,1762,1997,1937
"318",318,110,1262,178,720,1250,3
"319",319,1949,1551,1257,187,967,1328
"320",320,789,1082,162,271,88,304
"321",321,1911,685,604,1451,476,1489
"322",322,696,819,1796,1217,392,1280
"323",323,1158,1591,1720,669,55,365
"324",324,853,887,1966,1138,528,395
"325",325,1549,746,437,1889,201,1311
"326",326,729,295,684,171,1425,184
"327",327,1770,1972,1101,1302,1598,1400
"328",328,203,93,1801,738,1573,1180
"329",329,1255,1573,1024,429,330,167
"330",330,1161,267,502,724,809,309
"331",331,1692,684,548,513,58,536
"332",332,1524,451,17,411,1300,1780
"333",333,481,794,1306,64,1995,534
"334",334,314,193,1522,694,398,1643
"335",335,1741,902,423,406,455,1300
"336",336,392,475,32,1744,1066,1470
"337",337,1921,605,1439,203,1487,913
"338",338,1767,1972,429,1790,502,632
"339",339,212,1420,201,1376,492,1419
"340",340,1170,750,723,704,1368,1065
"341",341,857,1888,1108,1879,101,1575
"342",342,881,1534,1990,534,61,1707
"343",343,1522,1949,569,244,1534,19
"344",344,1932,1770,1736,1441,1611,1444
"345",345,149,1215,45,503,336,979
"346",346,1974,1,1590,832,385,1868
"347",347,439,247,1771,1418,766,96
"348",348,427,277,701,1417,1438,1769
"349",349,1272,1259,808,220,1336,1066
"350",350,1516,346,137,812,1757,1312
"351",351,728,368,66,1314,1416,766
"352",352,987,319,909,964,1713,1187
"353",353,1877,1193,1352,808,1404,1202
"354",354,530,1156,262,1988,844,1768
"355",355,1523,1822,1808,795,1545,1183
"356",356,1755,1342,845,1099,560,151
"357",357,1206,1420,783,821,165,1870
"358",358,1881,912,1159,1514,52,1304
"359",359,1814,653,579,124,1577,1965
"360",360,346,1479,747,1110,942,1521
"361",361,1260,989,227,1684,1777,1573
"362",362,599,995,15,1266,830,1670
"363",363,486,1851,1370,1798,1908,777
"364",364,829,534,553,1991,1267,1955
"365",365,634,1402,1275,148,1881,1119
"366",366,791,439,287,788,1762,1641
"367",367,824,570,1032,959,1044,191
"368",368,879,503,813,1525,1095,1370
"369",369,208,707,1686,1839,1890,1594
"370",370,196,1636,957,707,704,770
"371",371,144,1990,1221,1358,1309,1326
"372",372,171,483,216,1249,661,1915
"373",373,749,126,266,1135,12,596
"374",374,1127,1354,803,1732,706,239
"375",375,650,805,578,1119,477,1446
"376",376,110,1977,365,913,86,507
"377",377,191,1761,67,1538,1332,1771
"378",378,1794,111,1289,563,435,1768
"379",379,456,833,1216,1294,922,1864
"380",380,955,1411,450,1296,1324,657
"381",381,1091,644,32,546,1149,1923
"382",382,1468,1509,1152,1559,1057,910
"383",383,682,1523,291,1199,924,1485
"384",384,1162,877,894,705,1959,1949
"385",385,1241,444,1990,1078,424,546
"386",386,1206,1968,1629,1623,1709,6
"387",387,1641,1586,448,941,1129,1630
"388",388,1644,1437,1009,91,1276,48
"389",389,1023,967,1203,472,1327,42
"390",390,1054,1249,1453,666,1258,1202
"391",391,1938,832,1702,1608,699,367
"392",392,622,315,1921,25,1568,602
"393",393,1609,476,454,1406,676,1488
"394",394,610,33,848,654,1871,547
"395",395,831,1297,1416,625,1182,81
"396",396,1334,1299,1418,1419,1309,1390
"397",397,1725,1688,366,447,1245,1509
"398",398,745,1196,451,272,214,610
"399",399,941,1620,1671,357,1090,771
"400",400,1859,137,1819,1675,736,1147
"401",401,54,694,265,81,1923,762
"402",402,786,1786,1729,126,32,1885
"403",403,811,1086,180,1627,320,528
"404",404,1187,1671,1542,648,436,1503
"405",405,1642,1121,274,1922,631,53
"406",406,159,1885,1840,1867,1567,1220
"407",407,802,1120,1658,570,1167,73
"408",408,954,1676,260,1211,1883,232
"409",409,22,1767,1220,475,1625,847
"410",410,1259,1281,393,219,1766,1683
"411",411,1107,1943,1134,475,919,1103
"412",412,1157,993,496,1130,1820,930
"413",413,1424,1340,326,1718,1955,1310
"414",414,1181,399,85,1069,1126,4
"415",415,53,211,795,1146,1465,820
"416",416,1391,29,551,802,1765,1335
"417",417,445,1682,1763,1135,1321,31
"418",418,340,1310,525,1236,1509,348
"419",419,1353,831,463,1391,185,1793
"420",420,786,762,1862,164,556,656
"421",421,1565,488,692,972,1039,1338
"422",422,489,1687,1581,1011,810,1898
"423",423,765,985,1996,84,1791,1080
"424",424,348,1646,171,269,1644,632
"425",425,1796,875,135,1047,518,414
"426",426,604,159,1583,444,132,917
"427",427,748,718,653,705,543,485
"428",428,1180,1345,103,280,911,1624
"429",429,1361,1013,1057,277,517,1846
"430",430,165,1142,631,932,930,978
"431",431,711,401,202,1788,1631,1498
"432",432,823,1565,248,1191,1130,1094
"433",433,1026,869,1703,289,905,311
"434",434,145,389,265,339,1184,1470
"435",435,1995,1810,322,757,898,778
"436",436,232,580,918,339,1589,983
"437",437,1714,866,1144,1453,1970,1479
"438",438,537,1612,2000,623,1370,1700
"439",439,92,1566,389,1517,173,917
"440",440,829,1277,837,1935,946,73
"441",441,1481,902,1124,1497,418,306
"442",442,86,1405,397,1585,544,1547
"443",443,1905,1085,983,1058,801,844
"444",444,283,322,508,258,1703,107
"445",445,189,1413,506,346,102,1306
"446",446,1840,1389,355,789,637,1055
"447",447,1146,1604,837,1847,1421,1757
"448",448,333,775,1616,1834,1424,262
"449",449,1005,958,1644,1014,702,1124
"450",450,675,1946,1138,166,797,1283
"451",451,1285,1042,1748,1684,1569,195
"452",452,1866,954,1121,1278,777,822
"453",453,877,145,1438,1973,1483,595
"454",454,1467,716,1122,1654,819,50
"455",455,601,960,1142,927,1071,1221
"456",456,780,9,1153,1421,1548,1898
"457",457,1603,39,1264,622,1265,1132
"458",458,728,299,1454,1858,958,801
"459",459,1952,1226,1101,1965,1247,664
"460",460,881,1819,1547,1440,1702,775
"461",461,35,606,969,792,573,972
"462",462,694,1962,1693,905,1834,1203
"463",463,1255,884,1767,1630,137,874
"464",464,267,1772,1569,1931,250,1921
"465",465,1110,275,1323,1562,491,95
"466",466,1029,1567,1096,870,323,1675
"467",467,278,1587,687,1989,1647,1279
"468",468,1700,546,471,464,921,1510
"469",469,1438,795,485,430,963,1971
"470",470,1110,1556,1714,1919,363,228
"471",471,1013,348,13,322,695,771
"472",472,759,1622,322,657,22,448
"473",473,1356,139,803,641,346,1143
"474",474,1052,791,1370,665,1283,1775
"475",475,42,1510,149,1603,224,1499
"476",476,133,984,1200,1087,197,111
"477",477,1315,24,980,231,482,1087
"478",478,1102,40,877,947,1559,1004
"479",479,1986,1433,613,768,54,264
"480",480,685,1719,885,648,1375,1864
"481",481,1683,416,1565,1184,809,1346
"482",482,885,1014,862,1018,355,1051
"483",483,825,975,287,272,643,1414
"484",484,1469,665,1060,278,1782,284
"485",485,773,1785,782,1457,1048,1820
"486",486,781,1815,593,897,254,469
"487",487,408,909,1462,1689,58,626
"488",488,1881,1156,1709,359,1560,1737
"489",489,1506,1803,1842,469,903,415
"490",490,691,745,32,238,1364,256
"491",491,920,121,840,66,602,1188
"492",492,1493,498,641,982,1299,236
"493",493,1425,37,1013,1749,103,34
"494",494,156,10,1224,941,446,1485
"495",495,1610,485,1014,250,1826,1132
"496",496,458,1108,441,1133,1766,635
"497",497,1432,1890,285,1558,909,81
"498",498,892,590,1838,1895,760,1393
"499",499,126,16,1945,1295,267,358
"500",500,463,1194,421,248,1906,569
"501",501,446,1650,1373,1531,1746,861
"502",502,715,960,953,834,485,1190
"503",503,1147,1176,1348,1045,114,371
"504",504,694,752,1488,981,1758,1024
"505",505,929,847,1956,1526,1709,1713
"506",506,1173,1511,1374,275,470,1203
"507",507,1808,1716,1204,408,700,1155
"508",508,863,699,1753,974,384,313
"509",509,1068,1409,505,444,1607,1795
"510",510,383,992,1083,447,214,1257
"511",511,1474,137,763,425,1205,1847
"512",512,932,27,1854,1130,1341,757
"513",513,290,1532,891,60,1643,827
"514",514,1584,996,246,156,905,432
"515",515,1922,303,1410,1766,1874,471
"516",516,1256,933,284,81,247,658
"517",517,1360,366,1732,362,36,428
"518",518,853,474,1578,1471,228,1720
"519",519,1329,723,944,1753,1596,1307
"520",520,1035,650,837,1711,851,162
"521",521,1941,160,1434,499,732,212
"522",522,723,934,815,536,1588,1694
"523",523,1267,752,1843,110,798,533
"524",524,1112,659,672,1387,884,404
"525",525,1220,1490,235,882,1099,600
"526",526,1440,1896,545,842,1260,253
"527",527,240,1695,1244,351,237,1160
"528",528,1032,1261,1811,1197,462,1443
"529",529,1597,169,1535,1919,1680,961
"530",530,1627,758,1694,209,1592,870
"531",531,1798,1152,1624,434,394,592
"532",532,1287,958,327,1992,1158,899
"533",533,1786,1560,31,1318,1895,1035
"534",534,39,369,465,215,1121,668
"535",535,584,116,550,1574,528,1367
"536",536,1401,1692,1611,853,753,967
"537",537,457,1957,29,1735,898,1778
"538",538,454,1232,1429,1231,1044,1862
"539",539,1128,65,39,1089,1852,1975
"540",540,1806,941,886,386,1193,1861
"541",541,626,1826,897,1674,1361,601
"542",542,1924,1210,199,353,558,1004
"543",543,973,1425,1948,312,1022,588
"544",544,768,3,982,1325,904,1759
"545",545,1057,1933,531,592,1011,831
"546",546,1145,1197,998,158,1999,731
"547",547,391,935,1267,573,1033,739
"548",548,331,933,1823,766,493,129
"549",549,674,1873,1571,1467,195,1500
"550",550,370,1956,431,495,429,427
"551",551,423,614,447,1813,445,1491
"552",552,1550,2000,1412,1535,1277,1413
"553",553,806,694,1740,1187,1247,39
"554",554,1456,908,528,864,1363,548
"555",555,1771,1244,742,1229,1908,388
"556",556,1280,589,251,1725,675,1869
"557",557,1012,995,938,1745,1251,460
"558",558,1101,1502,1594,537,615,976
"559",559,755,1554,384,199,1778,1403
"560",560,1021,1635,1797,1617,1556,1489
"561",561,189,329,808,657,1118,942
"562",562,369,935,527,1557,625,394
"563",563,1840,1348,213,1429,1983,358
"564",564,584,714,1289,1542,1352,1214
"565",565,812,1091,1720,794,1261,1691
"566",566,1285,143,598,638,104,936
"567",567,80,890,417,260,1202,1022
"568",568,1155,972,150,1822,978,699
"569",569,1441,1695,1500,1881,927,887
"570",570,1224,922,179,730,28,567
"571",571,1899,82,904,1323,1419,433
"572",572,808,68,539,842,257,1560
"573",573,65,1791,515,1467,826,193
"574",574,334,74,1840,509,1201,70
"575",575,991,1078,917,1368,1453,1163
"576",576,1036,1651,1890,1027,920,1775
"577",577,899,1036,1449,1862,226,682
"578",578,645,1180,330,674,26,115
"579",579,1789,239,1067,810,1422,346
"580",580,234,1612,1552,1570,1658,671
"581",581,938,1540,1690,1534,1958,1192
"582",582,944,1659,739,1432,1570,1252
"583",583,965,53,476,1779,1923,713
"584",584,121,232,836,1784,563,464
"585",585,88,400,1947,159,173,946
"586",586,770,912,127,1342,1531,1412
"587",587,1700,54,1890,806,386,1496
"588",588,792,1855,396,981,1887,786
"589",589,310,1949,554,695,1734,294
"590",590,1747,343,1956,1706,1561,633
"591",591,1057,1072,1989,1924,602,1169
"592",592,739,1218,266,502,1643,1699
"593",593,1912,73,453,1067,420,403
"594",594,1863,1009,1200,856,964,1942
"595",595,1272,701,1020,641,1927,1640
"596",596,1074,98,720,644,392,774
"597",597,850,999,1970,1890,139,601
"598",598,1783,1128,95,971,1898,1778
"599",599,1089,541,457,681,496,274
"600",600,1638,1727,1204,654,575,355
"601",601,1406,1113,1336,366,564,1516
"602",602,1769,1069,1695,1052,757,443
"603",603,499,857,1546,211,141,349
"604",604,1559,142,1031,617,1272,427
"605",605,1334,1377,1001,1159,1020,1860
"606",606,1076,618,1561,812,1227,530
"607",607,1241,112,796,120,1966,1794
"608",608,1648,1770,316,1948,487,1978
"609",609,462,1999,1022,377,571,1746
"610",610,465,1574,1779,1775,1315,1271
"611",611,1958,1251,797,1363,1008,1410
"612",612,1395,1533,1521,391,1544,1472
"613",613,951,1558,1062,747,28,1229
"614",614,115,453,1803,1193,1310,937
"615",615,1966,328,466,1023,1448,1800
"616",616,672,1975,304,273,1280,981
"617",617,1932,972,1242,68,473,1624
"618",618,1580,1428,1983,274,1238,318
"619",619,1824,368,174,1102,995,1726
"620",620,1536,1745,1928,263,918,301
"621",621,1460,624,263,1705,346,686
"622",622,163,1524,542,259,1944,819
"623",623,1859,617,899,616,1389,176
"624",624,573,598,890,187,897,1200
"625",625,1002,1462,1509,1181,1302,472
"626",626,51,305,1526,411,959,1989
"627",627,1947,1536,1874,828,1872,734
"628",628,172,1215,542,54,117,128
"629",629,1048,209,749,1749,1020,76
"630",630,1084,898,91,1310,909,345
"631",631,1591,1787,1397,12,409,571
"632",632,1398,1664,255,1528,63,1194
"633",633,833,363,865,709,278,1629
"634",634,1039,34,642,258,1205,1831
"635",635,307,1369,897,954,1255,748
"636",636,1360,213,1990,1969,1069,428
"637",637,711,1434,1424,347,910,1083
"638",638,163,141,1063,514,204,1182
"639",639,1609,1774,265,1692,1999,40
"640",640,1822,571,1638,1550,467,98
"641",641,889,167,358,834,1574,963
"642",642,131,676,1008,97,178,1939
"643",643,1039,602,1735,1750,1230,393
"644",644,200,1569,1862,343,1277,990
"645",645,514,254,1899,41,708,312
"646",646,351,136,374,1049,1764,1295
"647",647,792,1054,714,1047,374,1473
"648",648,1549,1196,40,744,110,761
"649",649,207,929,414,1006,1059,702
"650",650,29,1422,1744,389,15,1500
"651",651,1020,904,1833,289,1691,36
"652",652,346,1943,1000,1047,1065,561
"653",653,1726,1600,1774,1862,297,1552
"654",654,240,1309,1990,1458,1041,1477
"655",655,1511,1584,1149,483,248,1520
"656",656,549,248,784,212,135,394
"657",657,168,1507,697,831,1865,966
"658",658,1831,369,585,698,45,357
"659",659,96,1085,1125,409,741,77
"660",660,1743,884,422,851,1442,603
"661",661,557,1559,694,1776,576,1426
"662",662,1452,1754,747,1263,1129,620
"663",663,1040,1432,264,1857,793,985
"664",664,1355,1567,1099,1589,1353,595
"665",665,93,1157,1854,1541,1609,1007
"666",666,1278,1043,395,273,607,1475
"667",667,1417,1757,1193,1182,1237,1040
"668",668,1771,763,397,790,1475,1109
"669",669,1900,805,513,460,1768,1382
"670",670,1176,1762,894,1503,1423,229
"671",671,1575,1707,1197,975,59,1034
"672",672,1626,845,1064,776,159,1176
"673",673,1252,1544,469,1680,984,1286
"674",674,871,1705,1823,491,1709,1171
"675",675,562,1534,308,1981,1754,433
"676",676,1117,1156,278,1238,1411,28
"677",677,1067,1951,670,1778,97,375
"678",678,1973,1593,674,285,1883,503
"679",679,1861,1653,1350,332,1583,1432
"680",680,545,178,1163,829,154,431
"681",681,368,1571,1799,597,876,722
"682",682,1166,167,57,1465,809,1165
"683",683,3,1102,1168,1849,1719,335
"684",684,1211,1841,1902,1840,384,1969
"685",685,630,68,296,594,1158,1297
"686",686,226,1559,859,432,1652,1949
"687",687,1860,955,1811,1623,1990,585
"688",688,1118,255,1055,1683,559,33
"689",689,1246,657,401,500,214,705
"690",690,1635,1752,257,407,478,1575
"691",691,151,961,389,1841,1369,1567
"692",692,727,1700,171,811,1758,150
"693",693,253,1958,1651,1393,1564,1445
"694",694,1403,1738,547,126,631,546
"695",695,274,457,96,977,120,412
"696",696,1882,1732,1180,351,14,440
"697",697,833,1573,1466,218,22,61
"698",698,1001,1690,1520,1048,329,1345
"699",699,1456,928,818,571,1953,1061
"700",700,929,689,805,28,232,223
"701",701,1259,887,1138,762,899,69
"702",702,1959,47,1766,313,333,558
"703",703,1927,520,1645,552,297,645
"704",704,657,412,1681,1501,1203,612
"705",705,233,1825,483,178,1855,486
"706",706,495,1963,348,490,1164,1400
"707",707,1883,1815,1014,235,1469,1493
"708",708,894,1656,1447,110,1085,1990
"709",709,1052,596,1155,1906,1086,341
"710",710,712,724,1308,278,377,1595
"711",711,1025,1379,1781,455,722,1903
"712",712,1586,732,1577,322,1833,1496
"713",713,610,1667,1271,1440,33,1649
"714",714,1472,232,200,1491,384,1844
"715",715,962,1918,1803,378,11,1720
"716",716,1057,1387,1864,983,739,321
"717",717,1930,674,835,143,736,1204
"718",718,62,1903,393,1833,578,1491
"719",719,504,875,233,208,1637,1873
"720",720,441,1954,1021,1762,1450,1274
"721",721,724,1113,420,1937,1907,1326
"722",722,413,635,1435,1900,1719,990
"723",723,1499,686,1479,1179,595,271
"724",724,986,733,1802,1097,298,1959
"725",725,1488,1988,1770,497,1849,711
"726",726,1634,1228,137,1057,1514,1986
"727",727,1320,609,1366,1195,22,525
"728",728,439,1655,649,863,600,830
"729",729,1558,234,410,83,1862,358
"730",730,308,76,488,523,402,270
"731",731,1097,1729,1382,955,1561,889
"732",732,1993,791,146,1865,182,695
"733",733,1700,1648,192,1927,146,310
"734",734,281,1827,1612,1098,1059,1418
"735",735,50,1346,44,634,597,1848
"736",736,381,1565,577,403,835,1115
"737",737,1608,8,667,162,1764,705
"738",738,768,1532,1638,677,968,1194
"739",739,363,129,1383,542,1336,1952
"740",740,1133,213,997,780,1410,956
"741",741,1263,750,248,1805,546,1963
"742",742,1652,1484,1193,1953,1522,136
"743",743,778,1184,1784,147,1058,7
"744",744,405,372,291,475,846,689
"745",745,531,655,20,221,1284,549
"746",746,442,783,840,667,405,1709
"747",747,692,1080,661,1925,1753,1730
"748",748,1033,1027,1051,306,803,1420
"749",749,358,1109,546,1499,595,178
"750",750,1507,1995,1929,866,1652,1545
"751",751,1411,1176,706,757,1683,949
"752",752,682,859,1921,1638,432,1902
"753",753,1634,1349,1710,864,462,1785
"754",754,436,1819,1325,111,1829,616
"755",755,1100,276,971,1087,29,455
"756",756,1987,1616,1138,1976,846,9
"757",757,1682,1421,1731,1093,465,1211
"758",758,6,298,472,458,184,1141
"759",759,519,476,1012,1427,402,1587
"760",760,1885,1723,1084,1970,1798,1567
"761",761,1279,29,1328,1269,80,1668
"762",762,1533,797,1786,1693,1980,1118
"763",763,1043,1612,1935,1023,1677,1717
"764",764,840,1543,869,641,600,65
"765",765,265,1600,614,391,465,1362
"766",766,326,1642,116,1692,1713,108
"767",767,1757,286,355,471,1382,543
"768",768,447,1620,410,1666,1797,1569
"769",769,493,1355,995,849,1959,442
"770",770,543,864,1163,1463,474,1715
"771",771,201,1985,1835,904,551,467
"772",772,1558,974,1595,1441,207,781
"773",773,453,309,740,750,18,1929
"774",774,1164,730,261,1199,894,858
"775",775,1294,1932,1368,849,394,249
"776",776,1044,937,503,1845,1879,1304
"777",777,1318,1795,191,43,323,1851
"778",778,1598,450,1419,1964,602,791
"779",779,1340,1868,1527,748,1808,308
"780",780,430,1075,1078,151,141,1980
"781",781,652,972,352,1539,1156,1189
"782",782,1908,929,1357,1527,1550,1893
"783",783,813,1194,122,764,1271,1952
"784",784,107,1964,1531,1778,25,1476
"785",785,225,724,1499,1444,1769,1475
"786",786,1990,1458,762,468,1986,288
"787",787,1472,1377,777,791,1519,1012
"788",788,1132,322,150,1178,504,989
"789",789,372,1005,1351,39,1158,1267
"790",790,1655,1099,593,1942,1176,1286
"791",791,1464,101,1508,1474,979,779
"792",792,1516,482,263,1194,1955,1440
"793",793,907,1663,666,1244,1206,296
"794",794,1303,1868,951,760,1913,475
"795",795,1970,1230,1455,76,1645,1107
"796",796,937,1222,1088,274,1777,1805
"797",797,1716,1263,495,1173,1341,1844
"798",798,1224,701,1538,851,994,351
"799",799,315,594,583,1112,352,690
"800",800,1198,158,264,1005,1498,1275
"801",801,476,500,1491,1286,126,1993
"802",802,1269,215,22,1586,1581,1118
"803",803,1514,1527,938,1865,409,660
"804",804,235,115,500,256,1160,226
"805",805,1762,1758,1592,417,1706,291
"806",806,1636,206,965,1124,1442,1220
"807",807,1474,1048,873,1713,29,1061
"808",808,526,1222,614,945,10,96
"809",809,344,1511,88,20,1102,1161
"810",810,864,936,391,773,1624,1562
"811",811,1044,748,952,859,783,1713
"812",812,1825,117,914,659,103,841
"813",813,756,709,553,641,905,935
"814",814,1675,376,1856,1548,1789,709
"815",815,1290,359,407,391,45,347
"816",816,1397,94,1551,1495,386,734
"817",817,59,1305,1069,970,1728,177
"818",818,16,181,733,1560,208,1978
"819",819,1265,712,1243,843,1230,1260
"820",820,899,1251,11,1556,835,1663
"821",821,1705,1696,1231,161,449,1886
"822",822,263,890,1019,92,1908,1187
"823",823,1462,390,128,190,1113,1415
"824",824,885,1783,1217,1665,1517,1133
"825",825,1433,933,294,1324,349,107
"826",826,329,288,877,748,1463,605
"827",827,1593,108,176,288,109,1688
"828",828,1822,747,197,1899,59,125
"829",829,1165,552,773,110,197,68
"830",830,1264,1581,1950,720,208,1490
"831",831,924,1251,1102,955,1782,525
"832",832,964,1212,1214,1421,921,249
"833",833,1105,1696,1648,292,1275,108
"834",834,1351,218,921,1828,769,1453
"835",835,1457,1836,1944,429,570,1837
"836",836,1107,1980,1384,1945,639,953
"837",837,1558,1193,910,924,1190,35
"838",838,194,1969,1196,1394,860,809
"839",839,1684,644,1960,1315,1184,348
"840",840,1142,380,715,188,1929,1496
"841",841,1836,1712,1984,1533,624,355
"842",842,721,1290,140,978,697,999
"843",843,1324,567,1887,883,1821,1225
"844",844,1996,1856,1874,107,1663,1844
"845",845,1368,1990,762,1768,1975,1380
"846",846,1781,936,1342,1368,1596,137
"847",847,1910,38,83,911,1977,511
"848",848,1238,360,239,1574,387,1370
"849",849,916,1008,1669,268,375,1242
"850",850,361,245,1242,944,889,1983
"851",851,1789,1511,1977,120,1030,74
"852",852,1179,1882,1418,1606,678,292
"853",853,1158,1637,941,14,1880,121
"854",854,839,382,1538,1412,1497,686
"855",855,385,35,1485,515,814,649
"856",856,1664,1056,238,1336,1099,265
"857",857,995,406,1905,254,1143,287
"858",858,1506,689,1826,1757,1986,808
"859",859,1893,1210,1527,1897,283,1351
"860",860,1087,1367,1958,846,589,1635
"861",861,712,1469,1779,756,156,59
"862",862,1843,1583,1871,2,1311,138
"863",863,1971,1649,1539,340,362,1488
"864",864,369,685,1415,15,138,39
"865",865,1650,614,868,314,1133,359
"866",866,259,1291,1179,879,1624,1990
"867",867,930,1254,1535,12,1336,415
"868",868,1624,1978,507,1320,1520,1338
"869",869,1432,861,220,1831,1983,469
"870",870,1531,854,1881,332,876,1868
"871",871,1241,279,1833,1286,172,656
"872",872,1707,208,1514,1665,1379,1702
"873",873,700,1552,1127,1645,1961,1850
"874",874,568,1075,701,1453,649,1245
"875",875,1450,1220,1228,1769,1835,214
"876",876,1082,1655,1533,1312,1122,579
"877",877,1972,1839,279,1893,433,897
"878",878,1168,1366,1131,427,698,1597
"879",879,871,325,1596,437,1926,837
"880",880,167,371,718,747,875,1083
"881",881,893,1927,1267,1043,1645,465
"882",882,1642,803,1816,903,777,393
"883",883,1867,935,97,1714,1174,810
"884",884,1625,226,1224,1796,231,1605
"885",885,1622,998,981,1847,1608,731
"886",886,1438,631,828,173,98,1326
"887",887,696,1894,1960,531,1312,32
"888",888,268,1356,783,1189,1321,1624
"889",889,180,1496,397,1167,1876,1244
"890",890,1304,1326,1693,1542,156,1362
"891",891,413,1582,1351,56,1725,239
"892",892,1461,1432,828,1865,596,481
"893",893,551,1703,1140,1417,1583,1841
"894",894,1441,1171,1595,611,546,1780
"895",895,1261,1633,1982,292,1786,1223
"896",896,573,1705,796,925,446,1149
"897",897,1665,824,826,598,1888,1022
"898",898,517,148,877,1545,1122,821
"899",899,1766,1564,1158,1149,170,88
"900",900,1151,1850,1063,1031,163,1004
"901",901,1918,1158,1275,524,34,1074
"902",902,1653,656,563,1527,1728,1946
"903",903,1820,1518,1135,772,1032,1194
"904",904,1686,1880,1112,645,698,1462
"905",905,1870,1164,345,131,1533,501
"906",906,1767,365,1871,913,326,1888
"907",907,889,274,1326,453,1984,1847
"908",908,639,1189,667,1326,28,1868
"909",909,1429,620,1309,1016,103,1305
"910",910,843,860,1330,433,566,1159
"911",911,524,1768,363,1381,106,313
"912",912,399,1409,1814,650,1730,668
"913",913,1820,1612,249,577,1437,516
"914",914,1836,1582,1490,731,148,411
"915",915,1255,1496,324,1381,1806,574
"916",916,1529,284,1842,1179,1364,1114
"917",917,1059,926,1763,426,1663,290
"918",918,1173,530,1564,1149,1707,1976
"919",919,1774,760,592,198,1725,357
"920",920,305,506,170,1574,311,1825
"921",921,1823,21,1399,1590,1250,541
"922",922,73,1543,1295,1157,1080,919
"923",923,792,736,1080,1272,1430,266
"924",924,950,1383,1377,689,1868,957
"925",925,143,1883,446,661,322,439
"926",926,915,1908,854,1337,449,1398
"927",927,1536,825,1312,608,951,909
"928",928,1178,265,1611,1782,1360,1765
"929",929,1610,1817,1324,106,1621,568
"930",930,912,1708,83,1770,898,1296
"931",931,678,355,1897,645,1807,604
"932",932,1058,754,1717,645,792,130
"933",933,1163,1583,1418,939,1931,845
"934",934,572,1001,554,641,1435,1921
"935",935,949,1093,1478,1719,1933,1824
"936",936,525,45,132,123,588,729
"937",937,1038,1850,1698,688,697,461
"938",938,1798,1839,801,139,10,1965
"939",939,1170,1506,1578,1876,129,366
"940",940,309,505,1912,1543,1973,834
"941",941,293,363,1424,1104,892,378
"942",942,1435,158,1855,1743,437,1070
"943",943,1403,1804,1915,1131,1641,1723
"944",944,1471,413,712,1967,817,589
"945",945,50,1944,1949,1595,74,1264
"946",946,1819,1915,398,1125,558,1785
"947",947,55,1914,737,1913,410,453
"948",948,1864,1642,856,625,1072,615
"949",949,1642,931,959,1426,506,308
"950",950,369,1162,1176,784,1148,1646
"951",951,520,1473,1946,248,381,1234
"952",952,1544,509,1016,182,1773,1879
"953",953,581,430,931,526,641,1827
"954",954,1883,558,1667,847,1440,245
"955",955,1309,1385,22,1771,710,685
"956",956,120,1693,1046,1151,1677,650
"957",957,1801,722,1444,1791,43,47
"958",958,92,1482,723,541,1142,639
"959",959,801,1081,1787,1574,862,48
"960",960,777,773,1598,1569,1330,1391
"961",961,1755,1131,613,994,600,1219
"962",962,1425,719,140,402,576,889
"963",963,1118,460,1158,1629,536,179
"964",964,1344,1230,1436,344,1027,1590
"965",965,813,11,366,1973,770,161
"966",966,1378,731,1388,1112,616,1692
"967",967,41,296,973,773,875,961
"968",968,591,1032,804,1235,661,112
"969",969,952,587,15,285,1428,780
"970",970,72,1991,614,1607,1134,742
"971",971,1137,1292,1523,495,74,1431
"972",972,1244,1661,2,236,137,1211
"973",973,370,1414,34,1052,199,1986
"974",974,135,652,729,981,1782,662
"975",975,985,1253,1888,1860,1371,1301
"976",976,811,228,1224,1284,1356,1090
"977",977,458,1082,1884,520,1979,1130
"978",978,1675,1486,1870,1903,635,219
"979",979,883,1702,929,1693,699,105
"980",980,1801,1066,1856,1115,796,831
"981",981,650,1455,669,511,1180,1271
"982",982,1855,705,156,1786,1335,1290
"983",983,1158,1750,776,1339,1972,26
"984",984,154,130,266,1419,688,239
"985",985,920,1388,1643,1357,128,906
"986",986,1909,111,1632,1663,169,472
"987",987,274,626,1680,567,1012,1161
"988",988,857,390,592,702,1612,1035
"989",989,1957,933,7,1127,931,1699
"990",990,669,712,1947,744,818,747
"991",991,939,1599,363,1308,937,101
"992",992,1918,1607,1047,641,1743,1708
"993",993,337,422,867,1367,947,118
"994",994,547,701,1899,1571,139,248
"995",995,1228,826,1422,1528,1761,930
"996",996,1130,1052,1391,678,1463,1189
"997",997,266,1765,319,123,1691,1099
"998",998,707,475,1244,210,590,1329
"999",999,565,1997,376,502,1737,727
"1000",1000,54,181,524,1382,400,1628
"1001",1001,1344,1747,1832,1460,666,237
"1002",1002,827,1446,1531,1074,1995,455
"1003",1003,124,1514,1185,909,1448,1403
"1004",1004,127,1770,611,1049,1296,869
"1005",1005,1499,1135,703,924,1314,729
"1006",1006,972,11,1523,760,1963,383
"1007",1007,1935,51,1508,692,276,616
"1008",1008,1410,807,1995,1489,1567,1390
"1009",1009,623,438,934,847,554,1655
"1010",1010,394,1737,1212,1227,824,924
"1011",1011,436,817,334,1640,275,1909
"1012",1012,1436,271,355,1900,1719,1645
"1013",1013,424,956,883,1798,220,507
"1014",1014,363,1263,377,1674,168,1933
"1015",1015,563,1864,219,15,1647,773
"1016",1016,1195,1279,416,607,984,670
"1017",1017,1279,1305,1021,1022,1480,609
"1018",1018,734,1025,534,1788,396,625
"1019",1019,1148,853,595,1332,1707,1093
"1020",1020,1170,445,1450,378,249,1317
"1021",1021,312,897,1130,1006,347,1939
"1022",1022,1604,97,1962,247,261,1227
"1023",1023,501,1643,294,334,545,986
"1024",1024,1489,903,507,1698,1806,397
"1025",1025,1608,284,1049,908,1473,1230
"1026",1026,1583,893,1724,47,1727,623
"1027",1027,669,275,1093,1966,452,1937
"1028",1028,708,143,1,1010,1243,1199
"1029",1029,248,721,355,1423,1718,1828
"1030",1030,517,966,235,1696,1227,696
"1031",1031,1725,1544,540,122,2,74
"1032",1032,92,79,183,47,1745,19
"1033",1033,1787,89,1078,302,35,1068
"1034",1034,209,782,301,1250,27,1953
"1035",1035,1506,1200,668,612,417,652
"1036",1036,1173,708,1488,1600,1215,119
"1037",1037,498,628,193,380,1404,316
"1038",1038,514,1485,992,344,1532,473
"1039",1039,1135,1676,656,1047,1174,828
"1040",1040,1704,181,1500,1754,136,1008
"1041",1041,289,923,363,135,1170,1126
"1042",1042,1224,1371,776,864,317,922
"1043",1043,65,1167,52,1846,1842,1757
"1044",1044,988,1412,765,1469,1357,676
"1045",1045,1178,1067,39,343,906,1099
"1046",1046,1113,1741,194,1820,1170,333
"1047",1047,929,1816,840,973,1185,1698
"1048",1048,214,321,384,893,1497,441
"1049",1049,188,238,740,500,1709,1668
"1050",1050,672,1316,1325,117,689,522
"1051",1051,1644,1840,186,1277,1064,1475
"1052",1052,474,318,1560,364,1298,1268
"1053",1053,920,553,1495,716,1611,470
"1054",1054,1864,1801,651,346,1695,1093
"1055",1055,1852,42,427,390,1402,1366
"1056",1056,1962,1715,1300,1837,1252,1867
"1057",1057,992,121,1372,479,694,947
"1058",1058,660,1403,1736,1761,1450,982
"1059",1059,834,892,1729,254,1712,1340
"1060",1060,88,1266,291,1176,87,1585
"1061",1061,1763,1917,405,1020,388,472
"1062",1062,1337,1483,24,973,194,1207
"1063",1063,32,1998,703,343,907,1145
"1064",1064,1742,454,1630,1491,1230,372
"1065",1065,785,1761,1562,1405,1127,965
"1066",1066,1829,110,1513,210,602,719
"1067",1067,1171,470,321,1317,1635,466
"1068",1068,321,47,958,1843,1957,316
"1069",1069,1027,823,1037,1487,194,1405
"1070",1070,893,1319,1242,325,1506,1310
"1071",1071,530,1623,1935,777,1303,994
"1072",1072,858,1707,744,532,153,932
"1073",1073,553,1344,890,312,504,1749
"1074",1074,542,1945,1082,1394,695,410
"1075",1075,556,4,1544,1885,1386,387
"1076",1076,1227,535,1774,1021,869,874
"1077",1077,1391,226,1046,1330,1009,424
"1078",1078,362,3,1662,1702,1399,1500
"1079",1079,1957,1392,1453,1237,1107,412
"1080",1080,1083,1936,633,1221,903,66
"1081",1081,1427,956,899,1533,418,711
"1082",1082,413,1149,1252,1216,1474,476
"1083",1083,750,962,729,1810,1924,1891
"1084",1084,1707,1694,1298,56,1113,1675
"1085",1085,120,1250,1289,643,698,959
"1086",1086,1660,33,389,85,1215,1232
"1087",1087,1696,1785,1601,632,1079,954
"1088",1088,1483,1220,1231,1141,1786,338
"1089",1089,1309,1375,547,856,1611,284
"1090",1090,1619,1417,176,714,895,280
"1091",1091,823,497,1811,482,1744,1141
"1092",1092,292,253,1205,1762,444,1752
"1093",1093,1262,384,697,1585,574,616
"1094",1094,95,584,1392,294,432,904
"1095",1095,525,1308,385,927,1256,841
"1096",1096,1095,451,152,837,22,640
"1097",1097,1448,1942,94,1771,660,188
"1098",1098,168,910,1107,1129,1285,722
"1099",1099,1414,1737,1271,1753,1500,1925
"1100",1100,270,833,1999,8,557,687
"1101",1101,1854,1113,31,1322,1210,449
"1102",1102,182,1580,1443,1181,1691,1998
"1103",1103,1366,925,895,1031,1216,1841
"1104",1104,84,95,104,786,1887,1480
"1105",1105,1719,1238,312,556,658,1305
"1106",1106,427,1144,272,1,550,459
"1107",1107,575,1204,515,49,1637,623
"1108",1108,795,17,182,1404,1373,86
"1109",1109,801,32,1750,1268,1106,1978
"1110",1110,1848,1764,1075,1791,325,1070
"1111",1111,655,503,1240,1031,301,246
"1112",1112,1244,1441,485,1896,1227,897
"1113",1113,568,1828,218,505,1057,885
"1114",1114,344,1646,864,617,1224,917
"1115",1115,1145,1696,1662,1271,47,1062
"1116",1116,686,514,1862,1129,1989,952
"1117",1117,1946,1973,474,1571,1414,1179
"1118",1118,820,1682,155,1955,1399,518
"1119",1119,407,722,1258,248,654,1163
"1120",1120,391,560,492,818,852,1579
"1121",1121,1293,1146,805,652,106,1782
"1122",1122,1937,1235,236,826,1981,512
"1123",1123,1757,617,1193,1109,1173,182
"1124",1124,1104,64,936,1614,1616,733
"1125",1125,1513,471,323,10,596,1719
"1126",1126,1910,1204,770,604,366,441
"1127",1127,758,1659,1713,1937,1352,25
"1128",1128,1507,284,1895,1145,636,420
"1129",1129,399,774,1615,1725,1374,1833
"1130",1130,848,851,1077,868,1911,1714
"1131",1131,1566,607,876,854,1079,539
"1132",1132,1114,834,530,598,840,763
"1133",1133,1032,1136,1734,1254,651,826
"1134",1134,1052,1177,213,245,1440,1813
"1135",1135,223,220,1442,1548,1713,840
"1136",1136,1493,1297,482,858,451,698
"1137",1137,1222,1330,350,766,1102,1802
"1138",1138,278,1975,647,1614,1265,747
"1139",1139,453,476,1462,1366,838,1021
"1140",1140,1531,544,331,1449,598,63
"1141",1141,1741,792,366,64,1594,676
"1142",1142,823,798,1459,1391,1766,918
"1143",1143,1186,192,1953,473,341,1223
"1144",1144,398,1634,1489,1573,404,1906
"1145",1145,664,482,823,53,328,1195
"1146",1146,746,1004,988,44,1394,119
"1147",1147,639,199,129,1698,455,1090
"1148",1148,1306,566,1527,524,1428,889
"1149",1149,1919,1881,1847,1293,486,547
"1150",1150,60,1992,1905,203,1157,494
"1151",1151,338,647,577,1956,1125,362
"1152",1152,25,1366,193,426,1445,529
"1153",1153,964,466,1754,1252,683,95
"1154",1154,1289,1994,1853,1918,359,1348
"1155",1155,170,1761,1913,982,162,1474
"1156",1156,477,36,1119,1910,1589,24
"1157",1157,1178,727,1688,473,1028,784
"1158",1158,1101,1646,1814,1465,1841,843
"1159",1159,1986,1351,1080,1783,1439,630
"1160",1160,1785,449,489,536,705,126
"1161",1161,545,550,1468,780,699,1128
"1162",1162,1019,1108,1091,839,1407,689
"1163",1163,313,230,1521,1679,1824,144
"1164",1164,138,622,1249,1165,1268,1829
"1165",1165,1138,1409,832,1929,820,1385
"1166",1166,738,1738,420,942,294,1014
"1167",1167,1737,111,930,1825,637,1798
"1168",1168,1273,27,60,1724,1722,635
"1169",1169,165,35,1145,1452,677,1464
"1170",1170,421,768,1864,1963,876,525
"1171",1171,1945,577,1772,645,966,1170
"1172",1172,1962,600,350,1144,1924,904
"1173",1173,649,1020,122,1679,123,1286
"1174",1174,1697,1270,739,1766,771,1598
"1175",1175,483,743,169,99,1738,69
"1176",1176,1838,1901,1093,1338,641,589
"1177",1177,167,1677,605,166,1254,1948
"1178",1178,1027,1862,1693,302,1212,453
"1179",1179,1005,1215,1641,205,1949,1293
"1180",1180,1211,494,224,1443,1411,1850
"1181",1181,940,28,595,578,1507,1632
"1182",1182,81,1930,721,1166,1588,1905
"1183",1183,951,431,1741,1584,1530,386
"1184",1184,1485,1935,1830,447,140,653
"1185",1185,632,1891,475,368,723,782
"1186",1186,855,1178,1548,1190,89,921
"1187",1187,1582,336,128,990,1959,842
"1188",1188,1143,793,46,192,1804,666
"1189",1189,1059,1706,224,1781,410,185
"1190",1190,1724,308,1532,153,1116,1329
"1191",1191,271,1127,738,817,736,186
"1192",1192,1924,1098,1558,523,579,1905
"1193",1193,1941,457,1892,744,1994,1701
"1194",1194,605,946,1216,388,951,791
"1195",1195,69,1668,55,1485,1995,63
"1196",1196,615,1905,757,811,1851,1958
"1197",1197,1910,317,1339,1,240,314
"1198",1198,1183,857,1704,1255,1044,730
"1199",1199,1208,1045,277,653,165,9
"1200",1200,355,1893,687,829,1291,1870
"1201",1201,794,1083,284,891,1732,1832
"1202",1202,1311,49,154,1095,1595,1900
"1203",1203,1242,1263,1719,997,1013,134
"1204",1204,622,1451,242,1286,1192,1015
"1205",1205,1123,17,876,1295,169,1225
"1206",1206,905,899,161,1725,1293,1503
"1207",1207,1306,1248,1516,964,1152,1162
"1208",1208,255,990,1049,478,392,1125
"1209",1209,1710,1334,1505,757,540,1832
"1210",1210,1562,121,519,119,951,1307
"1211",1211,191,354,316,1908,18,1902
"1212",1212,990,1359,705,483,303,282
"1213",1213,21,1189,1998,1416,566,786
"1214",1214,926,858,1496,1118,1576,1266
"1215",1215,342,80,1737,1789,813,366
"1216",1216,164,1991,250,952,1599,664
"1217",1217,458,932,1684,1973,1342,1319
"1218",1218,550,1920,1145,1605,1300,1853
"1219",1219,629,491,312,790,1472,1031
"1220",1220,1864,133,620,247,734,561
"1221",1221,1772,1245,878,601,419,1508
"1222",1222,907,500,1021,1858,1565,1462
"1223",1223,559,1398,1956,1422,1866,1352
"1224",1224,1616,442,1129,1633,283,1927
"1225",1225,1543,296,279,1873,72,147
"1226",1226,1384,1946,1495,449,562,1017
"1227",1227,1289,645,586,941,420,1153
"1228",1228,1215,205,1294,1762,1960,1303
"1229",1229,699,1147,1362,659,1336,1997
"1230",1230,1003,433,1610,1465,1850,58
"1231",1231,94,1998,1244,36,1528,1970
"1232",1232,48,1468,592,1478,1066,251
"1233",1233,1991,1244,531,1268,624,570
"1234",1234,689,1904,295,1322,1400,1392
"1235",1235,869,1440,828,155,404,1926
"1236",1236,1997,1391,1659,1300,742,1148
"1237",1237,423,904,1390,1818,1489,1777
"1238",1238,616,1191,835,807,962,164
"1239",1239,66,217,682,1570,717,1755
"1240",1240,1279,300,1003,566,888,581
"1241",1241,1879,1969,1516,522,703,150
"1242",1242,245,1110,374,285,480,1699
"1243",1243,824,947,1193,1761,1180,294
"1244",1244,1372,433,562,1870,199,1547
"1245",1245,11,1434,1690,1488,1220,1065
"1246",1246,1743,1149,1839,1765,1377,1203
"1247",1247,977,385,1949,1567,122,277
"1248",1248,743,1697,1078,1747,1022,216
"1249",1249,1160,661,223,647,1447,1197
"1250",1250,1338,774,729,640,1228,445
"1251",1251,975,516,1368,1856,1086,1292
"1252",1252,591,1144,443,1472,1698,783
"1253",1253,111,1556,1574,326,1754,208
"1254",1254,1894,1459,609,1290,1460,1274
"1255",1255,1672,111,90,1932,800,1615
"1256",1256,1369,887,1329,1049,1746,139
"1257",1257,527,1742,458,179,403,974
"1258",1258,1078,6,1110,1069,182,1387
"1259",1259,1894,358,1356,434,617,1967
"1260",1260,525,227,1006,1574,1302,72
"1261",1261,324,731,597,1134,1325,1668
"1262",1262,44,1632,889,1319,311,1546
"1263",1263,1495,1387,711,585,1780,1028
"1264",1264,810,166,1275,1760,1138,1516
"1265",1265,766,1937,1561,170,1160,1021
"1266",1266,119,493,611,1574,34,677
"1267",1267,1804,483,589,724,660,535
"1268",1268,1372,653,1698,1321,665,468
"1269",1269,1697,1778,1728,1956,1289,212
"1270",1270,1807,1403,1690,995,1916,1196
"1271",1271,1438,1206,502,1448,1834,1552
"1272",1272,521,1981,151,1533,694,322
"1273",1273,833,339,1483,1347,367,1797
"1274",1274,623,719,675,803,1859,213
"1275",1275,54,684,424,978,1226,475
"1276",1276,1838,638,1499,784,152,1336
"1277",1277,1868,1471,432,1512,38,1144
"1278",1278,1660,1945,1996,483,1121,1001
"1279",1279,1133,1722,1231,1974,1542,849
"1280",1280,1905,1914,646,1537,1029,1227
"1281",1281,980,1569,680,811,1930,966
"1282",1282,108,1767,707,1037,39,1309
"1283",1283,944,119,1351,1631,248,1947
"1284",1284,920,976,1828,1710,884,1702
"1285",1285,1972,462,547,617,1051,814
"1286",1286,156,1428,69,1981,935,322
"1287",1287,522,1799,655,1132,1176,1044
"1288",1288,657,1812,397,1607,316,761
"1289",1289,1099,222,1588,969,438,1928
"1290",1290,1415,1949,471,1561,353,1305
"1291",1291,76,1139,978,1798,528,1823
"1292",1292,1050,610,1194,486,38,231
"1293",1293,1904,1233,1956,1834,282,86
"1294",1294,808,431,1369,648,94,1954
"1295",1295,1808,1573,278,1447,1940,1687
"1296",1296,1073,1504,670,1285,621,988
"1297",1297,656,1179,558,1519,1340,291
"1298",1298,830,218,880,1395,922,1129
"1299",1299,1400,46,1252,176,1543,177
"1300",1300,1480,1441,488,713,977,946
"1301",1301,1377,1458,1500,35,1344,655
"1302",1302,81,547,571,915,1330,1622
"1303",1303,60,865,752,1075,1863,1464
"1304",1304,1334,802,1926,1853,725,80
"1305",1305,798,1500,1525,1949,448,1629
"1306",1306,1410,1284,1312,397,1242,1243
"1307",1307,1817,1385,1518,1371,1922,393
"1308",1308,1801,1740,557,899,1266,1870
"1309",1309,1164,1054,1573,981,300,1241
"1310",1310,1599,114,198,860,1555,1604
"1311",1311,1647,1305,481,320,524,1477
"1312",1312,744,663,1349,759,996,73
"1313",1313,1527,1041,715,1812,1305,869
"1314",1314,517,473,43,260,306,1079
"1315",1315,957,778,193,1347,1820,1886
"1316",1316,69,842,212,1332,1821,41
"1317",1317,924,1679,1857,147,1761,242
"1318",1318,1067,1888,718,1601,17,594
"1319",1319,845,1721,326,614,987,1554
"1320",1320,1587,504,1285,1121,1174,1199
"1321",1321,213,145,748,153,1343,648
"1322",1322,1277,1041,1251,1163,136,1643
"1323",1323,361,291,1145,1049,1668,1275
"1324",1324,664,911,1262,1827,1606,770
"1325",1325,542,1079,896,1553,613,505
"1326",1326,1706,752,612,954,204,1448
"1327",1327,555,343,1706,180,1487,807
"1328",1328,1423,1883,1378,1533,203,1149
"1329",1329,751,613,1428,1306,1735,375
"1330",1330,1155,1337,262,612,1916,1771
"1331",1331,1381,19,1366,704,618,1182
"1332",1332,511,617,1371,1753,1805,695
"1333",1333,1786,1152,1598,1179,763,1324
"1334",1334,1930,1609,119,524,739,789
"1335",1335,2,1687,864,1258,1864,740
"1336",1336,1684,1595,1516,1780,1550,1243
"1337",1337,1955,1991,1653,1698,659,1572
"1338",1338,727,1206,513,629,1365,723
"1339",1339,739,596,394,368,567,1550
"1340",1340,19,783,1693,1471,916,1154
"1341",1341,689,996,1267,1970,1212,612
"1342",1342,429,1911,1498,1681,22,138
"1343",1343,1047,1678,222,1648,206,437
"1344",1344,872,343,1851,1882,1548,671
"1345",1345,263,1606,1495,1824,1785,702
"1346",1346,21,1928,1097,1707,22,1919
"1347",1347,1158,950,82,1308,1306,722
"1348",1348,1180,424,1852,1397,1525,281
"1349",1349,349,1394,288,1646,375,1261
"1350",1350,1925,690,707,44,773,754
"1351",1351,1985,984,313,490,569,321
"1352",1352,1784,1884,1618,1132,1293,866
"1353",1353,869,539,1800,1726,1359,1543
"1354",1354,1521,531,1413,1833,625,1321
"1355",1355,1820,498,1529,804,1451,924
"1356",1356,905,521,1963,1311,1574,1161
"1357",1357,489,153,1079,147,1919,1796
"1358",1358,1542,1961,1904,1229,1301,1547
"1359",1359,60,196,362,809,1988,1621
"1360",1360,1079,507,1546,1297,228,378
"1361",1361,1427,405,402,947,1463,1001
"1362",1362,1343,575,1230,592,1896,416
"1363",1363,731,1881,262,409,684,1115
"1364",1364,1212,30,1859,1755,520,870
"1365",1365,1590,486,946,1583,1277,1168
"1366",1366,145,1269,379,347,1641,511
"1367",1367,1914,1913,1869,989,212,1617
"1368",1368,457,585,508,581,1948,978
"1369",1369,344,163,86,264,1450,1995
"1370",1370,437,878,525,1167,1405,1635
"1371",1371,1421,1173,420,901,271,1792
"1372",1372,1594,1457,1184,1469,102,163
"1373",1373,1916,1024,92,1803,1843,155
"1374",1374,1805,225,220,1983,1005,1394
"1375",1375,221,1095,581,987,478,754
"1376",1376,1066,833,1496,1290,1031,952
"1377",1377,1922,1717,421,1640,1663,1240
"1378",1378,979,333,1953,1705,29,1390
"1379",1379,319,603,1353,1217,1840,79
"1380",1380,985,1486,923,1102,93,1782
"1381",1381,1780,1304,753,179,499,727
"1382",1382,1342,718,1741,577,1762,1265
"1383",1383,1557,713,1567,898,1090,1535
"1384",1384,1395,155,721,1828,191,1471
"1385",1385,228,1660,1696,1598,1347,1985
"1386",1386,52,882,1558,1340,357,898
"1387",1387,125,618,620,468,259,751
"1388",1388,1258,481,1435,1659,1930,290
"1389",1389,995,1628,1855,44,424,1961
"1390",1390,81,909,1721,639,10,1787
"1391",1391,853,799,472,85,1175,1002
"1392",1392,1300,1034,1121,220,669,464
"1393",1393,839,1247,916,181,137,378
"1394",1394,1020,561,1722,521,621,1390
"1395",1395,137,1807,697,582,1350,832
"1396",1396,774,1884,1263,821,1323,1661
"1397",1397,1667,1556,1213,803,201,1381
"1398",1398,397,773,53,1668,582,31
"1399",1399,14,1958,721,1083,1245,1018
"1400",1400,1832,273,583,215,1474,1304
"1401",1401,419,156,957,1860,707,756
"1402",1402,464,1170,1079,692,1331,1126
"1403",1403,900,1515,647,726,1632,752
"1404",1404,63,1510,318,1941,1612,471
"1405",1405,307,790,1836,743,1871,955
"1406",1406,1890,479,1584,1188,1130,1304
"1407",1407,1431,868,1130,1405,676,31
"1408",1408,343,262,1134,742,771,1803
"1409",1409,1775,1032,1134,1288,84,1974
"1410",1410,1826,327,967,204,1482,180
"1411",1411,1638,355,52,1368,456,527
"1412",1412,1154,741,801,1199,529,1729
"1413",1413,1775,316,457,1227,1789,218
"1414",1414,249,1118,47,1184,625,932
"1415",1415,113,1951,339,579,986,1519
"1416",1416,467,1137,792,220,1218,1235
"1417",1417,1273,1402,853,1339,1401,1837
"1418",1418,1554,301,909,1773,1628,1160
"1419",1419,1156,920,635,993,1661,1016
"1420",1420,151,432,331,1794,836,1879
"1421",1421,807,1435,14,1160,215,1462
"1422",1422,1480,1724,573,259,1123,151
"1423",1423,1482,973,287,662,1939,230
"1424",1424,249,750,192,330,345,1995
"1425",1425,1255,1102,1433,256,1449,701
"1426",1426,745,675,404,930,1639,1562
"1427",1427,687,1961,1034,786,1049,1580
"1428",1428,74,1046,1374,897,321,496
"1429",1429,1878,1980,244,1122,527,404
"1430",1430,726,160,969,365,162,98
"1431",1431,1353,1998,901,1321,1721,1664
"1432",1432,809,757,1089,238,410,1875
"1433",1433,1109,1777,1850,853,1262,1680
"1434",1434,1874,284,557,847,50,1248
"1435",1435,957,1445,1588,1575,1761,1851
"1436",1436,1162,365,1925,1652,1002,1913
"1437",1437,1439,228,887,94,169,1978
"1438",1438,1061,120,244,283,1677,1075
"1439",1439,578,1787,157,333,1118,1687
"1440",1440,636,573,534,1953,1457,790
"1441",1441,1643,1314,1408,1010,1600,857
"1442",1442,1561,1204,289,190,482,1671
"1443",1443,1994,778,1256,454,784,1266
"1444",1444,110,1738,258,607,194,1681
"1445",1445,1737,1115,188,1938,868,594
"1446",1446,169,1634,446,1403,484,1128
"1447",1447,521,913,983,208,30,900
"1448",1448,639,1167,1975,1786,1822,335
"1449",1449,1443,924,1625,1654,1910,1848
"1450",1450,1366,1577,1825,667,1262,538
"1451",1451,1362,1188,1641,1986,277,126
"1452",1452,189,1689,37,1321,141,1359
"1453",1453,592,453,1940,1073,1978,1822
"1454",1454,1579,166,1498,365,1711,930
"1455",1455,689,1158,529,195,703,1050
"1456",1456,1304,324,686,1201,1842,91
"1457",1457,1814,1598,1610,536,330,991
"1458",1458,399,1384,1257,1792,105,1493
"1459",1459,1334,594,1338,1199,932,502
"1460",1460,656,1038,1203,294,1999,110
"1461",1461,949,421,1785,1832,488,411
"1462",1462,1515,639,1655,789,778,1290
"1463",1463,1238,699,1950,1435,357,609
"1464",1464,441,1337,456,1399,1444,1777
"1465",1465,753,418,1311,1323,1997,1415
"1466",1466,953,884,1790,58,1256,1119
"1467",1467,692,1613,872,733,628,422
"1468",1468,1258,1982,595,1802,463,248
"1469",1469,1041,857,1874,1308,1799,1389
"1470",1470,110,1539,51,522,526,1917
"1471",1471,1447,1112,953,817,1505,1968
"1472",1472,826,921,1407,1862,1456,1848
"1473",1473,421,23,279,1590,263,491
"1474",1474,1077,685,1797,1268,1795,1767
"1475",1475,1120,1033,667,846,1910,1161
"1476",1476,1880,364,1394,1429,1374,664
"1477",1477,1604,915,1144,33,1003,1588
"1478",1478,497,1545,741,824,944,404
"1479",1479,1705,56,1480,1216,1594,1528
"1480",1480,612,879,630,1192,957,167
"1481",1481,972,86,547,164,15,515
"1482",1482,1858,247,1781,1106,513,576
"1483",1483,1784,1937,703,1169,1018,1062
"1484",1484,1568,196,1389,1285,1125,99
"1485",1485,1804,1451,1503,1092,1871,216
"1486",1486,1842,926,1753,588,1762,811
"1487",1487,1169,1189,529,421,1734,576
"1488",1488,985,1817,507,1362,1202,1732
"1489",1489,652,786,776,1199,723,638
"1490",1490,222,1946,364,1421,1600,1754
"1491",1491,90,668,188,1939,1416,391
"1492",1492,1534,1230,1901,150,262,1602
"1493",1493,1830,706,1458,909,169,825
"1494",1494,1937,678,1566,1413,1494,1282
"1495",1495,1328,304,1672,726,1265,1945
"1496",1496,1796,230,1209,372,1662,151
"1497",1497,632,1214,779,409,306,390
"1498",1498,32,835,650,506,1199,1801
"1499",1499,492,1277,783,560,1079,1614
"1500",1500,674,720,1296,543,1649,842
"1501",1501,384,1673,1725,1994,1640,16
"1502",1502,265,210,358,5,1274,506
"1503",1503,1831,1569,484,352,935,1499
"1504",1504,1272,551,1306,1649,615,1630
"1505",1505,685,1147,731,1644,1441,1615
"1506",1506,1996,901,1742,1762,313,83
"1507",1507,439,1771,1679,326,1570,1480
"1508",1508,262,383,782,1283,287,759
"1509",1509,530,1219,159,575,13,1128
"1510",1510,1,1669,1502,1097,676,1087
"1511",1511,1411,1705,1005,1723,334,1725
"1512",1512,152,3,197,1261,1485,684
"1513",1513,1595,1036,1905,1808,989,679
"1514",1514,1199,505,567,1158,186,1907
"1515",1515,850,1471,1645,69,260,1480
"1516",1516,742,983,875,337,1666,442
"1517",1517,1222,373,1432,208,1303,301
"1518",1518,1828,612,1548,1537,178,1195
"1519",1519,1324,922,1550,340,519,1818
"1520",1520,1633,626,230,1293,632,1605
"1521",1521,310,60,481,596,918,769
"1522",1522,1994,925,1987,442,138,727
"1523",1523,1311,308,1691,1371,1389,1316
"1524",1524,1940,589,943,451,239,1982
"1525",1525,128,1016,549,1258,1174,1740
"1526",1526,824,1606,1591,857,603,663
"1527",1527,1676,1553,1764,321,1416,46
"1528",1528,361,1581,1781,885,612,1188
"1529",1529,1869,671,317,739,1989,1195
"1530",1530,1989,4,367,1320,984,700
"1531",1531,1743,884,1888,1841,145,724
"1532",1532,1066,358,964,1180,1413,1332
"1533",1533,1199,166,1503,204,920,1520
"1534",1534,1463,726,189,1990,1309,10
"1535",1535,653,1700,401,219,23,112
"1536",1536,754,256,1708,1372,89,1545
"1537",1537,1946,1640,853,1842,1418,1837
"1538",1538,1517,745,311,705,713,1014
"1539",1539,1076,1134,1084,1415,350,1431
"1540",1540,1026,1051,1165,573,1077,1825
"1541",1541,954,1130,388,727,1671,806
"1542",1542,395,1458,1180,1865,1796,456
"1543",1543,836,363,1315,1383,1437,1142
"1544",1544,1695,978,963,1497,1614,639
"1545",1545,1549,1506,13,1155,1324,191
"1546",1546,1059,927,324,730,1906,418
"1547",1547,1977,1838,823,1791,1899,1971
"1548",1548,1558,1241,1394,1338,1360,744
"1549",1549,1928,156,1581,1748,1568,1886
"1550",1550,485,430,422,1131,746,1405
"1551",1551,818,313,1587,1749,1141,153
"1552",1552,1393,1314,1664,1401,1666,50
"1553",1553,706,902,351,573,1803,209
"1554",1554,1101,1379,1454,1550,140,1754
"1555",1555,732,44,755,1125,1105,692
"1556",1556,140,139,1358,312,344,47
"1557",1557,1549,1488,854,1476,1742,1953
"1558",1558,1325,977,1362,634,11,453
"1559",1559,135,734,758,1217,788,675
"1560",1560,1534,913,1633,1665,1566,296
"1561",1561,403,997,908,1277,1416,469
"1562",1562,581,707,427,572,1626,462
"1563",1563,1003,1248,976,270,953,621
"1564",1564,296,119,719,1440,114,923
"1565",1565,416,1937,131,1838,911,321
"1566",1566,1596,1562,1973,1568,902,329
"1567",1567,1593,952,648,340,1675,1754
"1568",1568,332,169,1594,92,412,1028
"1569",1569,153,1832,279,1320,1203,1263
"1570",1570,1890,1523,803,1677,1004,913
"1571",1571,529,522,1318,1951,1770,1113
"1572",1572,1209,1466,470,1574,1109,1158
"1573",1573,248,1895,772,1570,557,1361
"1574",1574,689,1485,1307,1499,37,509
"1575",1575,346,326,1214,53,20,1118
"1576",1576,1416,1259,1056,976,1008,683
"1577",1577,1456,1250,1338,163,742,1026
"1578",1578,166,1541,426,1128,1530,843
"1579",1579,537,73,1337,1187,1658,1617
"1580",1580,1771,369,345,1698,451,906
"1581",1581,341,696,444,1509,907,1304
"1582",1582,1367,603,409,204,1425,568
"1583",1583,771,370,1700,1944,1636,1078
"1584",1584,1744,904,418,1739,1892,720
"1585",1585,889,1085,839,65,1206,1559
"1586",1586,1583,1836,1855,1555,601,1715
"1587",1587,1270,1521,443,312,35,193
"1588",1588,105,872,961,1316,160,1217
"1589",1589,1202,1880,1763,277,879,1815
"1590",1590,1228,1432,17,1824,510,1246
"1591",1591,1284,802,1888,1073,1216,141
"1592",1592,1989,12,1892,1502,1522,1956
"1593",1593,1893,882,1238,1133,1162,601
"1594",1594,984,1607,394,1694,600,858
"1595",1595,1978,1427,857,935,1272,1697
"1596",1596,154,1451,441,1349,1145,540
"1597",1597,1450,1537,1616,1927,784,882
"1598",1598,699,431,805,1394,761,1604
"1599",1599,1009,557,1235,1367,1832,439
"1600",1600,1844,192,1221,974,1892,970
"1601",1601,1888,350,646,1669,1776,1468
"1602",1602,730,127,1643,1614,388,186
"1603",1603,1663,1354,311,1440,1365,297
"1604",1604,361,319,911,393,183,270
"1605",1605,1778,1339,57,852,1621,1820
"1606",1606,1983,695,261,24,1911,1738
"1607",1607,386,1905,878,543,1845,1908
"1608",1608,280,1474,257,864,206,965
"1609",1609,457,1085,647,387,1916,426
"1610",1610,1021,1186,963,1829,1932,1545
"1611",1611,288,590,496,106,766,1863
"1612",1612,1016,1934,608,1429,1320,1714
"1613",1613,296,142,895,1601,1039,1121
"1614",1614,1021,216,1616,752,1237,237
"1615",1615,455,957,1411,1124,1706,1582
"1616",1616,899,533,202,1722,105,1284
"1617",1617,636,253,1223,63,194,1174
"1618",1618,300,1505,1336,1500,1393,1776
"1619",1619,178,862,1452,1137,305,294
"1620",1620,1065,1115,69,1499,1077,985
"1621",1621,328,1312,887,1561,427,1551
"1622",1622,1624,1872,1100,1432,1886,3
"1623",1623,829,692,193,1813,1469,1909
"1624",1624,715,1733,417,1745,1399,1533
"1625",1625,1805,1465,1809,448,189,1508
"1626",1626,1150,1758,1033,333,456,241
"1627",1627,1889,1660,1805,1846,476,470
"1628",1628,433,287,35,1299,715,1556
"1629",1629,1027,1706,142,587,230,1822
"1630",1630,416,1719,904,743,510,1531
"1631",1631,1700,1611,1113,1914,1206,95
"1632",1632,982,243,1209,917,574,1915
"1633",1633,153,1922,861,1656,833,1683
"1634",1634,1871,1320,9,1996,1974,1504
"1635",1635,513,1195,1441,1397,1683,1795
"1636",1636,81,494,1331,32,1310,1932
"1637",1637,579,520,1318,1117,1324,1919
"1638",1638,75,1842,983,1117,618,1935
"1639",1639,117,636,454,1253,964,1748
"1640",1640,306,586,327,667,801,1241
"1641",1641,984,1424,1582,475,181,1400
"1642",1642,331,1092,1594,1549,1258,678
"1643",1643,747,186,243,266,1682,1089
"1644",1644,1550,1298,1055,1045,528,165
"1645",1645,869,1209,1528,1752,715,1880
"1646",1646,772,438,335,1327,1172,849
"1647",1647,1094,1139,1174,1833,1744,1987
"1648",1648,641,1122,1960,1388,220,594
"1649",1649,1093,1201,1951,1496,108,1425
"1650",1650,1586,1464,1727,222,1071,467
"1651",1651,934,27,830,777,1974,1660
"1652",1652,1796,129,1140,1038,478,331
"1653",1653,206,1201,593,1508,1576,1419
"1654",1654,477,1400,1006,1074,215,1872
"1655",1655,396,44,456,843,1079,834
"1656",1656,1390,1189,603,229,772,506
"1657",1657,627,295,619,1905,1531,165
"1658",1658,412,866,1174,1410,1192,246
"1659",1659,72,441,1758,283,1725,1519
"1660",1660,483,1477,316,1786,1725,1161
"1661",1661,1999,1595,1952,1824,370,1018
"1662",1662,171,1705,859,192,1188,1404
"1663",1663,1952,587,612,241,1322,1677
"1664",1664,487,1124,428,1892,624,636
"1665",1665,1957,514,1718,683,978,737
"1666",1666,1189,345,1258,1468,1424,1790
"1667",1667,550,535,723,1872,844,1317
"1668",1668,199,118,694,666,337,1060
"1669",1669,379,882,1178,452,1319,1873
"1670",1670,1757,625,847,29,709,1702
"1671",1671,597,1173,1088,38,760,646
"1672",1672,1197,100,280,1348,1663,1200
"1673",1673,898,1508,216,1710,699,168
"1674",1674,861,447,1456,953,95,883
"1675",1675,1879,688,1490,1696,367,1793
"1676",1676,1737,1927,6,1501,1959,336
"1677",1677,623,1513,727,982,1292,890
"1678",1678,1244,1028,282,95,545,1724
"1679",1679,634,177,356,443,1832,868
"1680",1680,1173,1652,1622,496,914,593
"1681",1681,282,1433,1491,1998,1076,953
"1682",1682,1879,1002,1427,1790,1409,883
"1683",1683,287,665,654,793,373,1755
"1684",1684,1041,47,6,1528,1096,148
"1685",1685,1854,215,1771,1709,65,1348
"1686",1686,1631,175,68,1260,253,1340
"1687",1687,953,595,256,394,1525,1115
"1688",1688,1035,1508,600,1591,660,1115
"1689",1689,328,1491,521,1844,1206,306
"1690",1690,604,1952,1601,1405,1699,1431
"1691",1691,1536,1242,46,624,923,1773
"1692",1692,684,1335,309,123,1340,511
"1693",1693,1910,375,1109,1507,1092,542
"1694",1694,1871,39,1220,1042,1964,1484
"1695",1695,95,1289,863,833,799,1911
"1696",1696,629,918,699,1801,704,805
"1697",1697,667,323,1919,377,900,881
"1698",1698,870,667,654,1478,1905,1959
"1699",1699,118,1909,777,1758,584,451
"1700",1700,785,570,561,1684,1371,362
"1701",1701,1542,579,889,689,1521,672
"1702",1702,1032,1216,1381,842,1468,1335
"1703",1703,1752,795,1185,289,1967,610
"1704",1704,109,1149,831,841,1504,678
"1705",1705,598,1065,591,1650,1511,1383
"1706",1706,1905,572,233,1886,331,1027
"1707",1707,1632,1846,5,1336,1394,290
"1708",1708,1829,1164,716,1791,965,731
"1709",1709,622,1915,1435,446,61,1347
"1710",1710,702,1128,1925,1549,630,1621
"1711",1711,1943,576,182,1060,1290,234
"1712",1712,1085,876,1960,560,1269,1963
"1713",1713,932,1197,24,155,163,76
"1714",1714,1226,1659,605,1330,245,1947
"1715",1715,1016,1062,397,1773,632,1553
"1716",1716,1096,1197,978,1246,1153,874
"1717",1717,1062,243,516,1262,1225,113
"1718",1718,1734,205,185,863,923,1445
"1719",1719,1797,1456,1487,1145,1689,1596
"1720",1720,558,39,355,237,1202,98
"1721",1721,1738,1180,1003,1814,1570,22
"1722",1722,202,742,1624,66,1329,942
"1723",1723,1973,1425,196,1449,443,442
"1724",1724,1427,1524,22,116,1438,327
"1725",1725,652,303,1866,1576,1553,307
"1726",1726,1806,1426,1868,1452,74,269
"1727",1727,1483,376,1546,221,378,145
"1728",1728,1635,1863,351,818,1547,1513
"1729",1729,505,654,1907,502,276,1409
"1730",1730,985,82,1754,199,1320,1375
"1731",1731,1559,1993,850,1677,1994,531
"1732",1732,36,1688,478,1106,1469,386
"1733",1733,1209,154,778,1544,617,39
"1734",1734,574,1416,203,829,1008,1093
"1735",1735,1264,1993,1865,876,1646,370
"1736",1736,1958,154,1350,1204,1120,269
"1737",1737,1511,1289,219,538,1478,21
"1738",1738,1137,1771,425,936,214,989
"1739",1739,642,308,238,1790,1927,1851
"1740",1740,1080,1113,1835,1590,1049,102
"1741",1741,923,1424,829,992,803,331
"1742",1742,1554,707,1198,1568,1013,1100
"1743",1743,183,1986,106,390,1590,77
"1744",1744,519,1903,5,794,507,878
"1745",1745,972,1525,926,1750,738,894
"1746",1746,1252,1922,556,1283,515,502
"1747",1747,1308,65,488,1936,617,23
"1748",1748,1244,606,987,45,355,697
"1749",1749,1818,1294,880,257,1516,1092
"1750",1750,1645,778,279,1442,711,522
"1751",1751,620,1534,170,915,1061,938
"1752",1752,1667,270,96,1999,1607,1021
"1753",1753,662,1366,624,129,1750,563
"1754",1754,1082,1910,1146,404,1453,1389
"1755",1755,1629,1206,117,1102,66,168
"1756",1756,151,231,811,1856,378,1492
"1757",1757,799,609,402,760,1897,1824
"1758",1758,938,337,895,923,797,390
"1759",1759,400,454,1965,1846,624,1631
"1760",1760,511,1412,1166,1015,1305,1753
"1761",1761,1063,296,1719,505,934,948
"1762",1762,1800,1483,1331,881,679,889
"1763",1763,447,1847,1976,20,1304,1424
"1764",1764,352,1125,217,634,582,293
"1765",1765,822,352,544,779,308,1642
"1766",1766,1622,1569,1366,1426,1603,450
"1767",1767,1023,1834,428,833,1604,1629
"1768",1768,1646,743,927,1921,350,105
"1769",1769,1596,243,644,212,1406,18
"1770",1770,269,1123,1048,1751,854,155
"1771",1771,1268,1648,1853,531,1078,1551
"1772",1772,1984,1165,1768,6,1559,1361
"1773",1773,488,1314,303,144,1946,1080
"1774",1774,424,1163,708,1740,1152,1823
"1775",1775,1956,1916,1360,558,1362,1130
"1776",1776,1833,782,1560,1331,698,1593
"1777",1777,1793,1197,396,885,1297,736
"1778",1778,119,726,515,659,327,1253
"1779",1779,1423,1550,1741,635,1837,1325
"1780",1780,1892,1842,409,107,875,915
"1781",1781,1008,1405,1281,1171,131,1192
"1782",1782,1623,1443,1637,651,619,456
"1783",1783,1428,920,1223,1910,590,1494
"1784",1784,52,1271,549,515,565,425
"1785",1785,921,169,275,428,528,47
"1786",1786,507,80,334,1217,844,109
"1787",1787,383,628,1510,1589,1616,1591
"1788",1788,1697,1078,1571,131,327,212
"1789",1789,1580,1756,884,608,1275,113
"1790",1790,1374,393,271,812,482,657
"1791",1791,108,551,1965,1053,981,1949
"1792",1792,317,1390,1083,694,764,1823
"1793",1793,1343,1386,516,1866,1239,413
"1794",1794,549,1348,1430,972,1119,710
"1795",1795,1357,1861,623,606,1310,26
"1796",1796,289,790,577,154,1469,1130
"1797",1797,364,1161,652,1514,113,1746
"1798",1798,1352,1287,1521,567,1484,1529
"1799",1799,1997,884,1478,430,1922,491
"1800",1800,663,1942,392,1164,970,49
"1801",1801,113,1128,285,1708,1107,1551
"1802",1802,242,769,1774,911,246,438
"1803",1803,722,1619,1861,749,1020,1033
"1804",1804,514,1503,466,115,426,1292
"1805",1805,1985,648,1209,550,133,555
"1806",1806,1036,1050,1056,1658,1568,1825
"1807",1807,504,1951,640,1671,1675,1100
"1808",1808,1077,1854,1089,1479,1415,988
"1809",1809,496,1718,656,542,888,748
"1810",1810,1402,288,234,786,1031,1500
"1811",1811,1872,946,1389,467,906,1063
"1812",1812,768,621,1768,1198,1688,1317
"1813",1813,1050,1405,767,1836,143,1651
"1814",1814,1765,894,1545,507,1357,694
"1815",1815,1293,862,819,1531,1704,1778
"1816",1816,840,304,1729,281,479,1091
"1817",1817,162,130,457,259,950,1015
"1818",1818,1741,207,1437,1123,992,1170
"1819",1819,1793,1488,611,1883,1578,797
"1820",1820,1886,1930,351,894,267,1360
"1821",1821,1242,146,1583,583,1606,1505
"1822",1822,1290,1759,753,1817,1737,1570
"1823",1823,1665,1935,80,1581,599,1373
"1824",1824,1878,696,1152,669,12,1160
"1825",1825,1120,335,793,249,1036,44
"1826",1826,47,953,1722,284,129,724
"1827",1827,130,1662,664,910,956,1117
"1828",1828,1324,19,52,411,1526,76
"1829",1829,1082,1420,359,1311,1630,1763
"1830",1830,1714,965,434,1023,1146,1522
"1831",1831,1732,955,269,487,831,1107
"1832",1832,1070,755,899,1036,1878,672
"1833",1833,831,331,1123,1833,1644,1572
"1834",1834,773,1410,242,55,804,1872
"1835",1835,1873,390,1489,1606,1120,1829
"1836",1836,1458,1073,997,880,1511,1138
"1837",1837,1654,345,1467,1794,983,1998
"1838",1838,1605,1418,1792,1435,198,1817
"1839",1839,158,819,191,570,1988,1400
"1840",1840,1652,1996,542,1985,975,919
"1841",1841,2000,1877,692,364,1913,1745
"1842",1842,653,530,1413,257,304,1392
"1843",1843,141,367,623,82,1800,1197
"1844",1844,1061,1830,1047,777,796,91
"1845",1845,1051,1845,662,994,1422,1289
"1846",1846,298,1661,1807,1721,1254,743
"1847",1847,285,851,52,1679,1248,1202
"1848",1848,25,1493,1369,564,527,702
"1849",1849,1812,1027,775,470,1235,1431
"1850",1850,1272,860,501,757,1036,11
"1851",1851,246,1109,405,1194,1396,1556
"1852",1852,1932,1999,1091,1909,547,888
"1853",1853,709,185,753,1242,1348,751
"1854",1854,1643,1066,1031,363,475,1469
"1855",1855,1292,292,1140,1372,1964,1471
"1856",1856,1965,721,387,1618,1834,1091
"1857",1857,926,570,892,250,1002,152
"1858",1858,1891,1223,826,436,1548,1812
"1859",1859,611,969,198,324,903,19
"1860",1860,201,689,1630,1764,1929,574
"1861",1861,952,61,1138,727,708,1277
"1862",1862,1360,552,669,1271,1183,1958
"1863",1863,191,1625,137,844,509,1263
"1864",1864,780,1159,1205,1138,653,756
"1865",1865,1660,1106,1137,1462,401,227
"1866",1866,515,568,527,83,1289,585
"1867",1867,618,1701,507,435,1987,1572
"1868",1868,1464,1971,1529,12,141,464
"1869",1869,548,136,1725,338,100,1873
"1870",1870,1425,623,1908,101,1726,1142
"1871",1871,1463,414,861,17,1688,311
"1872",1872,683,798,1397,1579,1067,222
"1873",1873,366,583,557,596,1878,773
"1874",1874,491,1113,1403,152,535,1542
"1875",1875,872,199,213,987,1678,1289
"1876",1876,1289,1957,201,403,1213,1539
"1877",1877,1048,1334,1811,163,1651,1923
"1878",1878,353,1609,730,1759,1427,1006
"1879",1879,315,1118,1139,1907,607,1951
"1880",1880,987,1364,882,1816,655,1126
"1881",1881,1042,424,840,856,1249,687
"1882",1882,211,448,494,555,885,1159
"1883",1883,1647,1001,1834,228,44,1003
"1884",1884,1225,1754,324,333,607,137
"1885",1885,1287,476,1007,515,1585,1427
"1886",1886,1116,719,439,1859,898,862
"1887",1887,1253,79,1569,1827,1675,175
"1888",1888,1,837,1090,956,1540,852
"1889",1889,92,1035,186,647,1910,1964
"1890",1890,1424,864,1624,1458,1891,1070
"1891",1891,1281,1094,395,1334,416,1750
"1892",1892,1112,478,131,258,1478,1314
"1893",1893,244,1286,979,862,1898,1635
"1894",1894,325,1647,537,1386,1843,1822
"1895",1895,1799,128,402,1988,369,1042
"1896",1896,1327,94,1369,1748,327,1184
"1897",1897,1429,1689,996,294,1944,1669
"1898",1898,1924,1990,1970,256,819,1288
"1899",1899,1501,1828,231,547,1250,1119
"1900",1900,806,1770,1832,1677,701,1217
"1901",1901,613,633,1955,449,1117,1746
"1902",1902,1310,391,373,1688,616,1957
"1903",1903,148,1395,330,1455,1731,415
"1904",1904,1484,1470,455,1492,1607,760
"1905",1905,68,764,67,761,1511,1096
"1906",1906,364,371,1241,74,1471,1859
"1907",1907,1123,156,1139,1740,1831,197
"1908",1908,1404,1600,387,1738,579,440
"1909",1909,121,1583,161,1078,265,293
"1910",1910,1759,271,1847,1048,1293,1117
"1911",1911,1134,1508,351,1396,1171,1739
"1912",1912,920,900,1129,1646,1478,934
"1913",1913,1797,1539,588,673,1977,461
"1914",1914,444,398,1599,784,929,979
"1915",1915,1765,599,175,51,514,139
"1916",1916,1026,384,818,1498,629,1850
"1917",1917,1954,716,1097,768,441,767
"1918",1918,1558,708,1420,1213,1154,728
"1919",1919,704,1669,1060,1929,596,743
"1920",1920,972,377,1742,1620,1680,1527
"1921",1921,396,39,1091,562,1040,1166
"1922",1922,1103,758,1111,83,549,1256
"1923",1923,1850,473,1981,377,305,1959
"1924",1924,809,818,748,909,1259,68
"1925",1925,368,902,550,675,1141,40
"1926",1926,1564,564,108,396,192,680
"1927",1927,1249,1940,1033,980,1078,1585
"1928",1928,131,209,1636,736,441,1650
"1929",1929,513,536,1838,1146,222,1245
"1930",1930,221,1617,1684,1116,1821,1020
"1931",1931,937,1132,254,85,1490,1795
"1932",1932,1789,1219,994,1265,1466,68
"1933",1933,1299,1902,932,1442,1149,1840
"1934",1934,1589,1819,722,1535,834,101
"1935",1935,724,1136,1342,709,1360,595
"1936",1936,207,140,1847,1175,600,1514
"1937",1937,1777,675,1201,163,246,171
"1938",1938,779,635,1442,722,1244,855
"1939",1939,1141,1923,292,787,1315,1725
"1940",1940,1194,1964,1842,1010,1695,1819
"1941",1941,1929,1453,910,1225,1221,1868
"1942",1942,401,1606,143,1156,1243,1328
"1943",1943,284,1375,676,827,1144,964
"1944",1944,1382,596,955,228,1998,852
"1945",1945,1936,900,690,1172,41,21
"1946",1946,1853,347,1292,428,376,1665
"1947",1947,105,2000,1143,1268,1592,1945
"1948",1948,1313,299,748,832,1714,730
"1949",1949,1043,783,151,1821,1182,1275
"1950",1950,1618,141,1561,334,1247,1039
"1951",1951,1646,1011,1191,132,1915,289
"1952",1952,572,1063,1563,171,1115,1164
"1953",1953,259,1750,1933,1272,952,1128
"1954",1954,753,1514,600,250,1199,383
"1955",1955,1024,1773,1954,1464,771,1055
"1956",1956,1864,174,1778,691,273,231
"1957",1957,1166,953,637,750,1477,678
"1958",1958,1040,1387,1659,650,1993,1735
"1959",1959,427,1988,704,917,1199,1306
"1960",1960,1169,423,1728,1101,1981,349
"1961",1961,1162,376,245,1288,444,1589
"1962",1962,1712,845,833,697,1900,461
"1963",1963,1096,1207,518,620,920,930
"1964",1964,542,1632,825,255,671,73
"1965",1965,262,919,884,287,1195,1334
"1966",1966,233,708,138,1913,1591,562
"1967",1967,1966,1625,1865,998,1188,545
"1968",1968,1263,240,145,1888,277,1904
"1969",1969,131,1777,886,1281,654,14
"1970",1970,334,839,1257,1402,1432,539
"1971",1971,154,1671,1898,743,834,983
"1972",1972,995,87,1051,1874,1972,1721
"1973",1973,1284,812,66,127,1893,544
"1974",1974,338,4,339,1060,1150,1699
"1975",1975,1094,1331,67,1049,387,753
"1976",1976,1138,1275,1744,636,387,490
"1977",1977,1927,1042,1253,291,1237,1948
"1978",1978,683,30,1982,1088,1689,1585
"1979",1979,1754,800,1752,96,877,374
"1980",1980,1024,57,1032,1260,1918,830
"1981",1981,133,1516,1913,1133,1847,101
"1982",1982,1917,1693,850,1016,1557,1430
"1983",1983,1560,1348,1780,480,1811,265
"1984",1984,231,570,1968,1247,734,1251
"1985",1985,513,1472,1414,1268,1308,639
"1986",1986,1142,1060,545,847,1870,576
"1987",1987,1079,623,1035,698,855,924
"1988",1988,29,1783,1609,877,1397,525
"1989",1989,334,1113,1426,735,367,214
"1990",1990,1937,493,17,844,1061,1622
"1991",1991,1882,1738,233,537,1459,1095
"1992",1992,134,1749,1338,598,586,970
"1993",1993,1782,1448,1495,123,1515,1281
"1994",1994,1453,1549,936,1941,1124,168
"1995",1995,789,1174,1515,1507,1590,1065
"1996",1996,536,1085,444,1464,324,1391
"1997",1997,1202,630,1063,1261,882,1897
"1998",1998,432,1804,1884,730,1197,462
"1999",1999,1209,946,685,286,1840,515
"2000",2000,933,1892,52,1099,362,380
